{
    "terminals": {
        "bramhall": {
            "pot_configs": [
                {
                    "name": "default",
                    "pots": [
                        7,
                        7,
                        7,
                        7,
                        7,
                        7
                    ],
                    "max_weight": 44000
                }
            ],
            "products": [
                {
                    "name": "Petrol",
                    "code": 1051485,
                    "density": 0.71
                },
                {
                    "name": "AddDiesel",
                    "code": 1051512,
                    "density": 0.77
                },
                {
                    "name": "UnAddDiesel",
                    "code": 1051510,
                    "density": 0.77
                }
            ]
        },
        "kingsbury": {
            "pot_configs": [
                {
                    "name": "default",
                    "pots": [
                        7,
                        7,
                        7,
                        7,
                        7,
                        7
                    ],
                    "max_weight": 44000
                },
                {
                    "name": "Lomax",
                    "pots": [
                        7,
                        7,
                        7,
                        7,
                        7
                    ],
                    "max_weight": 44000
                }
            ],
            "products": [
                {
                    "name": "Petrol",
                    "code": 1051485,
                    "density": 0.71
                },
                {
                    "name": "AddDiesel",
                    "code": 1051512,
                    "density": 0.77
                },
                {
                    "name": "UnAddDiesel",
                    "code": 1051510,
                    "density": 0.77
                }
            ]
        },
        "IPC": {
            "pot_configs": [
                {
                    "name": "default",
                    "pots": [
                        7,
                        7,
                        7,
                        7,
                        7,
                        7
                    ],
                    "max_weight": 44000
                },
                {
                    "name": "Lomax",
                    "pots": [
                        7,
                        7,
                        7,
                        7,
                        7
                    ],
                    "max_weight": 44000
                }
            ],
            "products": [
                {
                    "name": "Petrol",
                    "code": 1051485,
                    "density": 0.71
                },
                {
                    "name": "AddDiesel",
                    "code": 1051512,
                    "density": 0.77
                },
                {
                    "name": "UnAddDiesel",
                    "code": 1051510,
                    "density": 0.77
                }
            ]
        }
    }
}