{
    "bramhall": {
        "pot_configs": [
            {
                "name": "default",
                "pots": [
                    7,
                    7,
                    7,
                    7,
                    7,
                    7
                ],
                "potMinimums": [
                    69,
                    6,
                    35,
                    35,
                    35,
                    6
                ],
                "max_weight": "44000"
            }
        ],
        "products": {
            "1051485": {
                "name": "Petrol",
                "density": "0.83"
            },
            "1051512": {
                "name": "Diesel",
                "density": "0.83"
            },
            "1058700": {
                "name": "Gas Oil",
                "density": "0.83"
            },
            "1051521": {
                "name": "Kerosene",
                "density": "0.83"
            }
        }
    },
    "grangemouth": {
        "pot_configs": [
            {
                "name": "default",
                "pots": [
                    76,
                    76,
                    6,
                    6,
                    7,
                    7
                ],
                "potMinimums": [
                    75,
                    66,
                    3,
                    3,
                    35,
                    6
                ],
                "max_weight": "44000"
            }
        ],
        "products": {
            "1051485": {
                "name": "Petrol",
                "density": "0.83"
            }
        }
    },
    "ipc": {
        "pot_configs": [
            {
                "name": "default",
                "pots": [
                    76,
                    76,
                    7,
                    7,
                    6,
                    7
                ],
                "potMinimums": [
                    75,
                    66,
                    35,
                    35,
                    3,
                    6
                ],
                "max_weight": "44000"
            }
        ],
        "products": {
            "1051510": {
                "name": "Petrol",
                "density": "0.83"
            },
            "1051512": {
                "name": "Diesel",
                "density": "0.83"
            }
        }
    },
    "kingsbury": {
        "pot_configs": [
            {
                "name": "default",
                "pots": [
                    76,
                    76,
                    7,
                    7,
                    6,
                    7
                ],
                "potMinimums": [
                    75,
                    66,
                    35,
                    35,
                    3,
                    6
                ],
                "max_weight": "44000"
            }
        ],
        "products": {        
            "1051510": {
                "name": "Diesel",
                "density": "0.83"
            },
            "1058700": {
                "name": "Super Unleaded",
                "density": "0.83"
            }
        }
    },
    "southeast": {
        "pot_configs": [
            {
                "name": "default",
                "pots": [
                    7,
                    7,
                    7,
                    7,
                    7,
                    7
                ],
                "potMinimums": [
                    69,
                    6,
                    35,
                    35,
                    35,
                    6
                ],
                "max_weight": "44000"
            }
        ],
        "products": {
            "1051510": {
                "name": "Petrol",
                "density": "0.83"
            },
            "1051512": {
                "name": "Diesel",
                "density": "0.83"
            },
            "1051485": {
                "name": "Super Unleaded",
                "density": "0.83"
            }
        }
    },
    "teesside": {
        "pot_configs": [
            {
                "name": "default",
                "pots": [
                    76,
                    76,
                    7,
                    7,
                    6,
                    7
                ],
                "potMinimums": [
                    69,
                    6,
                    35,
                    35,
                    35,
                    6
                ],
                "max_weight": "44000"
            }
        ],
        "products": {
            "1051485": {
                "name": "Petrol",
                "density": "0.83"
            },
            "1051512": {
                "name": "Diesel",
                "density": "0.83"
            },
            "1051643": {
                "name": "Super Unleaded",
                "density": "0.83"
            }
        }
    }
}